,Beginning,Middle,End
High No Vis,0.16,0.32,0.4
Medium No Vis,0.32,0.56,0.4
Low No Vis,0.52,0.12,0.2
High Vis,0.254716981,0.490566038,0.405660377
Medium Vis,0.452830189,0.405660377,0.490566038
Low Vis,0.29245283,0.103773585,0.103773585